Type of Food,waste_rate
Baked Goods,0.07015229461372476
Dairy Products,0.06973814415674914
Fruits,0.0706513153750718
Meat,0.06946701966577129
Vegetables,0.0687178569734619
